"Date","Type","JDay","Coef","VIP","MetricMean","MetricStdev"
701,"Chill",-183,0.0206544162611264,0.902061422227227,0.0517828004653889,0.0928858990212547
702,"Chill",-182,0.0451772802980759,1.03854012488968,0.050300561169834,0.096037103149165
703,"Chill",-181,0.00312989954640969,0.907207170091566,0.0472374182207822,0.0915661693172435
704,"Chill",-180,0.0148734070133026,0.980968730882504,0.0441463702702269,0.0798648641992554
705,"Chill",-179,0.0143149688277485,1.0068485670223,0.0395545326998746,0.0848068142671505
706,"Chill",-178,-0.0105769686502568,0.974455723104014,0.0340705269216178,0.0735930105188202
707,"Chill",-177,-0.000313325524294372,0.911037545424898,0.0340622640498417,0.0716091112306558
708,"Chill",-176,0.0392769514944893,1.04789972440005,0.0325250593388737,0.0642018725368319
709,"Chill",-175,0.0254167634831751,0.946748327515406,0.0294880133672168,0.0612449482187281
710,"Chill",-174,0.10291294402349,1.12069487381815,0.0249125248406893,0.0643665409122159
711,"Chill",-173,0.0493859014874505,0.767065267764938,0.0203441649111323,0.0569519836029182
712,"Chill",-172,0.027710126882805,0.74875946412424,0.0233884226661753,0.0582312703140795
713,"Chill",-171,-0.0022897411236306,0.678830545504157,0.0218553428560388,0.0524301936819824
714,"Chill",-170,0.00631093369242182,0.697080258524937,0.020334401227519,0.0517013797265598
715,"Chill",-169,-0.0208411927032671,0.632275601080979,0.0172999104861581,0.0500823632602557
716,"Chill",-168,-0.0318619027195928,0.519424491301412,0.017292118021429,0.054401559458398
717,"Chill",-167,0.0176261020273656,0.554468614133908,0.0197247648013023,0.0584024962237052
718,"Chill",-166,0.0198802614416442,0.646330656136421,0.0166781598678989,0.0488780468212408
719,"Chill",-165,-0.0408854474114179,0.66426032718244,0.0197195315466391,0.0505835256527898
720,"Chill",-164,-0.0152325990447672,0.824105376160361,0.0227565060214679,0.0463111484546882
721,"Chill",-163,-0.0574567547340403,0.80210223187055,0.0212320351068356,0.0422813898609251
722,"Chill",-162,-0.0491363884174319,0.807554547298703,0.0197659278329538,0.0379006000323324
723,"Chill",-161,-0.0186362111749006,0.661392133428892,0.0167216700779108,0.0355903587611816
724,"Chill",-160,-0.0183102245417173,0.823330678125096,0.0182322797453327,0.0367724629238071
725,"Chill",-159,-0.014936234595027,0.862330279042317,0.0197503531025432,0.0414221767976165
726,"Chill",-158,-0.0207314559618603,0.744452377813987,0.0212712552958345,0.0455557305234596
727,"Chill",-157,-0.0438817728957084,0.730351914325875,0.0197478157357595,0.0446907523434786
728,"Chill",-156,-0.135484091713896,0.958882515606465,0.0197488936112294,0.044692531740614
729,"Chill",-155,-0.135484091713896,0.958882515606465,0.0197488936112294,0.044692531740614
730,"Chill",-154,-0.0649299183428608,0.564815203044675,0.0151833410710873,0.0381290095569376
731,"Chill",-153,-0.0971742437284597,0.668573800311708,0.0106237485598189,0.0294793990691415
801,"Chill",-152,-0.0748119555395034,0.514637823551941,0.0121422850882521,0.0354398921754496
802,"Chill",-151,-0.0971743418443295,0.668574492277935,0.0106237415101239,0.0294793794948627
803,"Chill",-150,-0.0971743418443295,0.668574492277935,0.0106237415101239,0.0294793794948627
804,"Chill",-149,-0.103539152714099,0.71571671464276,0.00911313184270207,0.0275702148814355
805,"Chill",-148,-0.114524180680134,0.87244662991472,0.00759505848549155,0.0254026474993602
806,"Chill",-147,-0.107697849987982,0.898840140036848,0.00761882082329989,0.025482771372892
807,"Chill",-146,-0.0737454941811482,0.700203921901422,0.00610480321129415,0.023035528012111
808,"Chill",-145,-0.0492395560699589,0.334150815631779,0.0061192550934875,0.0230898483687681
809,"Chill",-144,-0.0423567878454249,0.37277693341172,0.00763920321135895,0.0255507034654655
810,"Chill",-143,-0.0152789013162177,0.258609259815467,0.00916481284351963,0.027726946869995
811,"Chill",-142,-0.037524767850045,0.308663555399244,0.0106951475050474,0.0296778223634248
812,"Chill",-141,-0.0704558584918271,0.639435596067547,0.0122324910178269,0.035678107260979
813,"Chill",-140,-0.033393742196399,0.594638772015056,0.0152807445558004,0.0451287858057241
814,"Chill",-139,0.0141718361172929,0.801166438284736,0.019852846343302,0.0479419148132114
815,"Chill",-138,-0.0414158716200103,0.725452994885528,0.0229165601045223,0.0523272131857263
816,"Chill",-137,-0.0316574166272355,0.883988659145115,0.0259503653076326,0.0535553515744253
817,"Chill",-136,-0.0651762054351922,1.11323857594592,0.0259317111788468,0.0535319045362071
818,"Chill",-135,-0.0651762054351922,1.11323857594592,0.0259317111788468,0.0535319045362071
819,"Chill",-134,-0.0931612342570693,1.06419136115628,0.028969526097453,0.0570814050143614
820,"Chill",-133,-0.0749189990333794,1.14567268814006,0.0320354515079067,0.0554518045911206
821,"Chill",-132,-0.107044809345676,1.12774515844667,0.0350509906143369,0.0653573792142707
822,"Chill",-131,-0.087422956388431,1.23853961982024,0.0396186620845038,0.0681113711805955
823,"Chill",-130,-0.0714480344570444,1.22029222048836,0.0411405005675865,0.0661132989037891
824,"Chill",-129,-0.094670638380344,1.2468774955823,0.0457319458604191,0.0704214288207134
825,"Chill",-128,-0.132204235876112,1.24397237207185,0.0426881238873483,0.0703591270973408
826,"Chill",-127,-0.054815579396926,1.09736834724151,0.0503064814134258,0.0815083893946984
827,"Chill",-126,-0.0937815171165437,1.06900088761099,0.0549060724983055,0.077583655604722
828,"Chill",-125,-0.0515626236576759,1.06720399893656,0.0669008367190281,0.0949837570403048
829,"Chill",-124,-0.0381395133046802,0.928144132167209,0.0745304824905294,0.0974437745191523
830,"Chill",-123,-0.0304960257794866,0.901699931164021,0.0776009243474341,0.0994785376930628
831,"Chill",-122,-0.0350221069085227,0.728636286100136,0.084926338604964,0.10460255548103
901,"Chill",-121,0.0126403004016204,0.811884255076883,0.097020147284628,0.107122269005394
902,"Chill",-120,-0.00235403932469749,0.758969173397427,0.102914004964679,0.103876176384425
903,"Chill",-119,0.00477545253501301,0.741349855895063,0.110251435399096,0.1110102081818
904,"Chill",-118,0.0171151865550395,0.710173821672976,0.116348048691981,0.108460791145029
905,"Chill",-117,0.0365766482775233,0.841553681129594,0.132600384729146,0.125166037001207
906,"Chill",-116,0.0317657675157139,0.690575079369689,0.136966088722597,0.123175321603284
907,"Chill",-115,0.0213224998974185,0.720879526872751,0.148927640010388,0.130702830026461
908,"Chill",-114,0.0224910526975191,0.547738046046361,0.154778060388424,0.13585946008901
909,"Chill",-113,0.00597103710812333,0.537678772073592,0.166090211422749,0.143563581921624
910,"Chill",-112,0.0149559473691177,0.544315696903989,0.175205748630946,0.155441377534043
911,"Chill",-111,0.00114062454590137,0.508648419552014,0.193835415186245,0.162249091503254
912,"Chill",-110,-0.0118960563762565,0.493532618121355,0.199618467377968,0.170432425614565
913,"Chill",-109,-0.0078770464738333,0.547466853149496,0.215111683217235,0.17678275819949
914,"Chill",-108,0.00937202922971465,0.552179631652583,0.227339439356611,0.180555818731099
915,"Chill",-107,0.0366439979390433,0.64035025671699,0.236663982927581,0.187402944571239
916,"Chill",-106,0.0373623286657259,0.555924887447663,0.243364459652735,0.185504022313941
917,"Chill",-105,0.029191235615811,0.540359452050988,0.262040614952409,0.198790823812971
918,"Chill",-104,0.0515688543590931,0.579191886835348,0.270633237447593,0.19835730117305
919,"Chill",-103,0.0444664043398982,0.581071146935827,0.277878406943188,0.190570733542112
920,"Chill",-102,0.0386326306922632,0.552367255682565,0.293366917571042,0.192386886867061
921,"Chill",-101,0.0266458621493874,0.551362677124384,0.312620069957818,0.184548034880608
922,"Chill",-100,0.0316468506066536,0.626884751847379,0.310546378116847,0.180098706261318
923,"Chill",-99,0.0234999078001993,0.659326734654537,0.32227581970004,0.175474141772075
924,"Chill",-98,0.0311432475245815,0.60077170804196,0.316319087755842,0.17673538439429
925,"Chill",-97,0.0232150392490361,0.537347194669633,0.330641169544508,0.183087950930922
926,"Chill",-96,-0.0153775269522175,0.45627273838272,0.341655467691727,0.182385563218217
927,"Chill",-95,-0.00446512314710562,0.48513670501761,0.359668553230057,0.183932236301495
928,"Chill",-94,-0.0158544951288344,0.477254031210171,0.363413293149661,0.191061535751153
929,"Chill",-93,0.00602840978662607,0.473127658182086,0.37084606098068,0.184948781933624
930,"Chill",-92,0.00102380131903402,0.367543924804019,0.388825628209255,0.180025746195984
1001,"Chill",-91,0.0211421149541781,0.401455576493495,0.393010604239364,0.169299190649911
1002,"Chill",-90,0.0194089556757037,0.32574488707605,0.393638929657678,0.178354714584181
1003,"Chill",-89,0.063844596245005,0.437830815387507,0.413994439035875,0.172622714765456
1004,"Chill",-88,0.0214017795939378,0.199892740107698,0.424503834407516,0.173204498229233
1005,"Chill",-87,0.000438295314366536,0.290857770747429,0.44574312036119,0.179659958941694
1006,"Chill",-86,-0.0222604831712693,0.479651034188288,0.454176287229292,0.181777807212301
1007,"Chill",-85,-0.00563703716022585,0.34098334930185,0.4684933872208,0.186217307892937
1008,"Chill",-84,-0.0203693884745112,0.444908869886836,0.478847039882457,0.183795700689103
1009,"Chill",-83,-0.00846373249389152,0.505848053678201,0.490441628645388,0.185952030041268
1010,"Chill",-82,-0.0425611487147016,0.797540646098147,0.510909766238827,0.188314828127774
1011,"Chill",-81,-0.0458633270133691,0.569646884316391,0.523653330768325,0.190741934572545
1012,"Chill",-80,-0.0275495921849297,0.482883635346823,0.534507763899302,0.178408578187282
1013,"Chill",-79,0.00463468794905306,0.40737204058042,0.5651190277576,0.179344271072376
1014,"Chill",-78,-0.0589671211230162,0.544913795309069,0.56593666585519,0.179997688001208
1015,"Chill",-77,0.027052299435608,0.290938720828557,0.582858560301608,0.17547403657257
1016,"Chill",-76,0.0375045429823745,0.307596597590808,0.593152435150238,0.176230980025
1017,"Chill",-75,0.0400399783873635,0.455761526952142,0.601603257285578,0.160476400770418
1018,"Chill",-74,0.00116965349722715,0.306914782964596,0.610354266276309,0.161845154836946
1019,"Chill",-73,0.0357417715750226,0.620496791346552,0.620902142439036,0.164818308442465
1020,"Chill",-72,0.00966255326537586,0.737536638032403,0.637854058016534,0.161072494881928
1021,"Chill",-71,0.0197336918629388,0.933354165622462,0.635727279236745,0.165290762496486
1022,"Chill",-70,0.0570457460463282,0.988699573306608,0.64841700074007,0.16644604790152
1023,"Chill",-69,0.0409425516699485,1.09887234191004,0.657899129360255,0.16477515938982
1024,"Chill",-68,0.00792405357131027,1.03595404949946,0.658692608942209,0.156653566896085
1025,"Chill",-67,0.0138084332978199,0.992986967547372,0.662806619677632,0.152935729115187
1026,"Chill",-66,-0.0204264207355411,0.854050163655543,0.666142085236287,0.144696683360282
1027,"Chill",-65,-0.00694234913209401,0.730270509002545,0.679387478403194,0.138358607557355
1028,"Chill",-64,-0.00013457966168098,0.837857913791302,0.686591016855204,0.121600897489601
1029,"Chill",-63,0.0412101562175606,0.746987131691412,0.692491798874286,0.116299081246982
1030,"Chill",-62,-0.0110682278412485,0.246836404425743,0.701529138184626,0.103771502610785
1031,"Chill",-61,0.033642425294221,0.503241062642483,0.695991673205102,0.120673306563649
1101,"Chill",-60,0.0364729271412799,0.389660127423162,0.712670976812952,0.109248595090024
1102,"Chill",-59,-0.00495188944287121,0.156338478647319,0.708226348667534,0.0974663266184998
1103,"Chill",-58,-0.0308397618867921,0.234919464075272,0.722480457993363,0.090322351529356
1104,"Chill",-57,-0.0226747568878942,0.175984476889462,0.707461280293972,0.0935803941508719
1105,"Chill",-56,-0.00406150962707967,0.113705554802091,0.732856943262978,0.0805426067005044
1106,"Chill",-55,-0.0446803151093686,0.471078268115785,0.738485527215475,0.0743854751809526
1107,"Chill",-54,0.000275459135507924,0.18778645107476,0.732158507755193,0.0813057232853659
1108,"Chill",-53,-0.0272299253845911,0.523433601772654,0.736824562431702,0.084521457028806
1109,"Chill",-52,-0.0471034581011416,0.324205210183503,0.742024154600539,0.0779683691426811
1110,"Chill",-51,-0.068350959393487,0.470909449764255,0.73370307058681,0.0836023626105513
1111,"Chill",-50,-0.040357385980442,0.531656775321667,0.740728489780057,0.0806755888932217
1112,"Chill",-49,-0.113887767439255,0.835077540535146,0.728717710177225,0.0848502092251859
1113,"Chill",-48,-0.0854047179030651,0.78565518100498,0.728659488110997,0.0713463593808484
1114,"Chill",-47,-0.0772395309418829,0.746077987062504,0.73121745651371,0.0769693840166525
1115,"Chill",-46,0.0484632054189545,0.369757708146047,0.736279944039216,0.0758494436435274
1116,"Chill",-45,0.00916088323738885,0.364054010845921,0.722395840061672,0.0932504855493822
1117,"Chill",-44,0.0144980356691181,0.295132155005304,0.703485750308105,0.10760143764068
1118,"Chill",-43,-0.02051055349126,0.46304690014516,0.704388488760078,0.108045769366361
1119,"Chill",-42,0.0226432647082486,0.2283849801497,0.709180796573985,0.118323783997856
1120,"Chill",-41,0.0415161818708284,0.33902604546571,0.704927747596366,0.103898394158568
1121,"Chill",-40,0.00498554532674585,0.0740048731455499,0.704202737290926,0.098558855409825
1122,"Chill",-39,-0.0289162525642972,0.307630485554668,0.710943178264825,0.10508930466761
1123,"Chill",-38,0.0586629378989718,0.499782336445183,0.711525136884418,0.105833730420249
1124,"Chill",-37,0.0328623165813853,0.404477504445259,0.707036945818179,0.10880054056886
1125,"Chill",-36,0.0500190670826359,0.487228957745804,0.688350562194673,0.114149894932752
1126,"Chill",-35,-0.0230598362902066,0.484741122561272,0.677912898920426,0.114887877572626
1127,"Chill",-34,0.0627209346941378,0.508915236337102,0.67584424715357,0.121717822550749
1128,"Chill",-33,0.0855268357006632,0.624182702669864,0.68951655661426,0.134044558341808
1129,"Chill",-32,0.068511431539802,0.569140135863427,0.695737211210751,0.122207668650377
1130,"Chill",-31,0.00706391288915233,0.202471476560959,0.686990063346839,0.123685380707209
1201,"Chill",-30,-0.0361791075222689,0.483024507998164,0.678836586141889,0.130471107977263
1202,"Chill",-29,0.0084947830403279,0.425990858961469,0.674627830294201,0.147604334208798
1203,"Chill",-28,0.040831921270968,0.352170828940396,0.660356470582419,0.147911184023268
1204,"Chill",-27,0.0147751624592436,0.163938414887908,0.666921272612241,0.151320791529825
1205,"Chill",-26,0.0154318071831005,0.169031220027006,0.661134725647595,0.141279967681759
1206,"Chill",-25,-0.0256159270988745,0.352753685539753,0.659186390398389,0.145838767370296
1207,"Chill",-24,-0.0670658902881067,0.670557982104372,0.666026763526497,0.15565673617461
1208,"Chill",-23,-0.117035549709328,0.979205232742737,0.668364299798862,0.160063191154063
1209,"Chill",-22,-0.103476488795839,0.819878555502922,0.652733402552866,0.162674457272198
1210,"Chill",-21,-0.0688360711495055,0.685160949002222,0.650293511781023,0.157283074272597
1211,"Chill",-20,-0.0306302713871423,0.314251416624972,0.643699244702464,0.151340313767576
1212,"Chill",-19,0.00677043688623517,0.195235453048098,0.641025857726483,0.159429048876624
1213,"Chill",-18,0.0170667268392279,0.196916613011125,0.639849016414583,0.15931568065172
1214,"Chill",-17,-0.0648285747471353,0.64938441411829,0.640234664393194,0.157438228110919
1215,"Chill",-16,-0.0873833257752029,0.905956023283349,0.637830720175837,0.154220909336964
1216,"Chill",-15,-0.102265261427733,1.10447006491053,0.638115620928861,0.15691321295568
1217,"Chill",-14,-0.0916633445072519,0.898077536869559,0.649528967395149,0.148637180605301
1218,"Chill",-13,-0.0446374329776755,0.802763160406305,0.653102114823009,0.159025019145717
1219,"Chill",-12,0.0371970225035997,0.665676385734098,0.643339953672692,0.158185045872281
1220,"Chill",-11,-0.0152280873892893,0.582233614715889,0.654398685811761,0.147816986395966
1221,"Chill",-10,-0.0672732173116905,0.928393693113965,0.638184275576453,0.149342435705152
1222,"Chill",-9,-0.0678215487349167,1.09153721374705,0.6378500978739,0.168771061012817
1223,"Chill",-8,-0.0521392407875375,1.14066220828656,0.631911595953167,0.165322226442571
1224,"Chill",-7,-0.0644040353369454,1.03814894578344,0.626103374500306,0.175354565830857
1225,"Chill",-6,-0.0268241245637583,0.597496683197424,0.629291102713042,0.197647123917533
1226,"Chill",-5,0.00779023307593705,0.527314156496552,0.617053790271712,0.21061900761745
1227,"Chill",-4,0.0330119757931237,0.484895140220454,0.618611603582251,0.208161606998946
1228,"Chill",-3,0.0449512530064625,0.526444168015353,0.606712039757903,0.214957333008353
1229,"Chill",-2,0.0539965376615768,0.500770177112927,0.595344320782344,0.216919384344385
1230,"Chill",-1,-0.000824080786223425,0.337127804193959,0.58977382781837,0.220820941639815
1231,"Chill",0,-0.0260182258776121,0.630334111736752,0.593229123192069,0.217120017765486
101,"Chill",1,-0.0309368986477712,0.601481374541789,0.592018734061132,0.223462384860211
102,"Chill",2,-0.035402479553732,0.622611364532338,0.596914044912261,0.232510724387572
103,"Chill",3,-0.0863496726335493,0.822341107931274,0.601924646112475,0.229932300895589
104,"Chill",4,-0.0680686037185023,0.796373351718341,0.61190561704313,0.225241777506645
105,"Chill",5,-0.0502517990012012,0.733202851630578,0.593460575442724,0.222809831330371
106,"Chill",6,-0.0296743628712615,0.671663282336604,0.604220548700484,0.214065195651978
107,"Chill",7,-0.0770661561000789,0.957623265221666,0.604111501470606,0.217352463863708
108,"Chill",8,-0.0861569218218836,1.14336021712644,0.604541065974943,0.220976509897469
109,"Chill",9,-0.0976151122572496,1.17005498363766,0.611163075867302,0.220865601604781
110,"Chill",10,-0.0861394783390427,1.16630242999298,0.61538869360823,0.245822781906827
111,"Chill",11,-0.0450896259116198,0.999268418882509,0.595993545916498,0.238759314359378
112,"Chill",12,-0.0483949784371331,1.06296932982067,0.608163736843198,0.245883626185062
113,"Chill",13,-0.0483183706487486,1.10008784162055,0.598673925353047,0.250486338095993
114,"Chill",14,-0.040417367014761,1.13379004442787,0.600301408537537,0.260696238813915
115,"Chill",15,-0.0721901018160097,1.29604671519097,0.593347659007861,0.260890565024414
116,"Chill",16,-0.073091410117737,1.36297623821566,0.605730794579211,0.24098832055779
117,"Chill",17,-0.112229395282169,1.48764905014287,0.61142028394798,0.235753926594254
118,"Chill",18,-0.0649572754881904,1.06903612720546,0.627525881086486,0.190376157077872
119,"Chill",19,-0.065035144253777,0.873837466803411,0.624903913267015,0.182592872335698
120,"Chill",20,-0.0628243779154182,0.788056276426116,0.624971397663181,0.183377354947985
121,"Chill",21,-0.059855074907275,0.783868479138273,0.617930461935956,0.186375548406116
122,"Chill",22,-0.0714532696160635,0.768579049856142,0.639015274860395,0.181964413312636
123,"Chill",23,-0.0562997703772938,0.7012781489185,0.641735519743178,0.18229641075279
124,"Chill",24,-0.0202782936505795,0.394765989113148,0.652890686668359,0.185880130418681
125,"Chill",25,0.0140773088275289,0.238436387904491,0.649975380038545,0.190074859896161
126,"Chill",26,0.0311676421612927,0.294321068047505,0.654423416574767,0.197258118249108
127,"Chill",27,0.0265346533727561,0.188510822297737,0.645986092575703,0.182168205205218
128,"Chill",28,0.0124782553978774,0.119254359901553,0.636673782092737,0.178253462341503
129,"Chill",29,-0.0227331209836124,0.461938216143533,0.633252745511185,0.189128755107287
130,"Chill",30,-0.0373940273610223,0.650388938978407,0.646292684094566,0.186882916177732
131,"Chill",31,-0.0618806325627314,0.77772782040793,0.646521678876867,0.185334809145645
201,"Chill",32,-0.0299391356313889,0.659409344502304,0.663031622418659,0.174203997500778
202,"Chill",33,-0.0234199355142491,0.705360879376686,0.654524489835261,0.171506999921991
203,"Chill",34,-0.0182810602161696,0.517496441273256,0.656237039402263,0.150447225912183
204,"Chill",35,-0.0517810795281786,0.70001890572206,0.650120418913088,0.155840729026554
205,"Chill",36,-0.0780551952187035,0.953321675826558,0.656094516077179,0.172372402040815
206,"Chill",37,-0.0611141803735485,0.800482216883508,0.65067768046689,0.182611640486006
207,"Chill",38,-0.0579191697820953,0.791902605442793,0.643700473518512,0.203020989206171
208,"Chill",39,-0.0471055431010116,0.751538433062209,0.640911454972179,0.20722909714176
209,"Chill",40,-0.0647494818844372,0.98319491307364,0.6256300841862,0.212373571076483
210,"Chill",41,-0.0801145566134195,1.06080179391035,0.613356058478746,0.20518761342317
211,"Chill",42,-0.0822921734561245,1.11405449747821,0.622520517571825,0.20562680237731
212,"Chill",43,-0.137988606624149,1.46366260886106,0.623126199946869,0.206032968884693
213,"Chill",44,-0.168268191190245,1.6455306588291,0.617621416213241,0.200648714743856
214,"Chill",45,-0.16068512922217,1.75690917503933,0.610070137067395,0.192123088892665
215,"Chill",46,-0.147496371473739,1.78997072680507,0.614196743117001,0.186740972009333
216,"Chill",47,-0.128506775616036,1.67055189092593,0.630710373878577,0.174275332498425
217,"Chill",48,-0.152259283330251,1.77453453677923,0.627075109002025,0.178947051309199
218,"Chill",49,-0.126767103170279,1.77717900923801,0.641308486127332,0.181517161031313
219,"Chill",50,-0.151385429609139,1.76749246972388,0.649155053683021,0.177219894554973
220,"Chill",51,-0.140188301229034,1.64573565613769,0.651797799203688,0.179559365663418
221,"Chill",52,-0.175480577408708,1.84392960931231,0.664763544418836,0.161535183563725
222,"Chill",53,-0.124396571563176,1.44814852078308,0.664203523815978,0.168069443641884
223,"Chill",54,-0.103061979485789,1.26964360629359,0.665012445764106,0.168507032764469
224,"Chill",55,-0.069531618456463,1.19883572065414,0.682720469605926,0.16385512286437
225,"Chill",56,-0.073481665849097,1.17549318456659,0.686841346612965,0.160439055379676
226,"Chill",57,-0.0882485753292444,1.09805285102949,0.688966368615196,0.157666644337101
227,"Chill",58,-0.107501468188796,1.36428973300114,0.682143545696546,0.132229500979279
228,"Chill",59,-0.0926751359625075,1.40401761101786,0.68944981483322,0.116821285056004
301,"Chill",60,-0.151098272695474,1.54870765607432,0.702835836787248,0.109425529491913
302,"Chill",61,-0.0831167840229126,1.23689109523478,0.703744356426897,0.126582415827804
303,"Chill",62,-0.0527726395052423,0.805388855600367,0.706899611325139,0.133945911993121
304,"Chill",63,0.0326246441913517,0.525987855605548,0.709633012919245,0.112207139740955
305,"Chill",64,-0.0500170124709393,0.537282540215935,0.718606479394655,0.0934529651601479
306,"Chill",65,-0.00557563123052483,0.184364090871154,0.723843527827284,0.0908136843014139
307,"Chill",66,-0.0217134066032443,0.311984821607703,0.712273329851989,0.0896709585694085
308,"Chill",67,-0.000636558543139413,0.102985463615314,0.721829988339619,0.0894243486505898
309,"Chill",68,-0.0190570995099992,0.163592129572378,0.72643585512555,0.0998739909697016
310,"Chill",69,-0.0246659921527442,0.19283260774842,0.721556384264459,0.0775270833963484
311,"Chill",70,-0.00283258291110007,0.260516854832341,0.725479562449593,0.0679659599860142
312,"Chill",71,0.00885768380713243,0.406762037779582,0.724661943784744,0.0738033299343129
313,"Chill",72,-0.0247634581686159,0.971641521603301,0.720652843889478,0.0763079190938886
314,"Chill",73,-0.0266837971085835,0.806552206685698,0.726648603437979,0.0846968514316534
315,"Chill",74,-0.015202911732336,0.397086075207916,0.722557190274507,0.0765562733791247
316,"Chill",75,0.0692818924395585,0.664349039662377,0.71773871134217,0.0806471250978806
317,"Chill",76,0.0633884720656871,0.593974317980117,0.713362645358992,0.0691524247154997
318,"Chill",77,0.0508831344544802,0.751852936499654,0.724911708765947,0.0656687789210253
319,"Chill",78,0.0309492789282104,0.67996015108356,0.715061934047306,0.0770513998966017
320,"Chill",79,0.0358539821554543,0.639908633497749,0.704629360010004,0.0855534271073889
321,"Chill",80,0.0258452688324594,0.93914994155599,0.709152946973744,0.0780951710363932
322,"Chill",81,0.0151436882531021,0.733206469300979,0.70910324846206,0.0847407315374696
323,"Chill",82,-0.0238115624926069,0.972866899102625,0.706022619050228,0.0843961434441861
324,"Chill",83,0.0872691258041244,0.975684805780724,0.701245166882901,0.0920905544792733
325,"Chill",84,0.0233045344526877,0.744356000084471,0.709634042378612,0.0919618507711041
326,"Chill",85,0.031993196140412,1.28286162884764,0.706169157794264,0.0914757588629176
327,"Chill",86,0.063591538115194,1.3547765603729,0.684777929595474,0.0991620832653008
328,"Chill",87,0.081370290289959,1.57550154961261,0.673401706705295,0.0965279049246698
329,"Chill",88,0.0546867973287776,1.58822062005758,0.661027702162931,0.112724957447199
330,"Chill",89,0.0497740304897427,1.48112535967382,0.661257415106349,0.109513256651961
331,"Chill",90,0.00725981475599407,1.43272660738928,0.669523765010093,0.10816277906907
401,"Chill",91,0.0634849703966455,1.5867505613725,0.657811201931957,0.11060395014231
402,"Chill",92,0.07046016255489,1.50213674749292,0.661820165357885,0.119994153543116
403,"Chill",93,0.130653886043175,1.64071229213603,0.661134429810758,0.123891974335706
404,"Chill",94,0.0654183366236633,1.42780506886732,0.66445794988626,0.118048835288977
405,"Chill",95,0.142391634677559,1.7020710115308,0.643071970931613,0.113123523474841
406,"Chill",96,0.0807970712318908,1.04409470760858,0.637228502948544,0.132964677439446
407,"Chill",97,0.079073190076113,0.881603213329329,0.66195605710344,0.128484640172529
408,"Chill",98,0.066788545563841,0.773863274035596,0.663672069590282,0.128591487892419
409,"Chill",99,0.109215066348815,0.909185709693761,0.671450373631599,0.129270945126788
410,"Chill",100,0.11551598323413,0.919680752775788,0.659247650518946,0.133458788676725
411,"Chill",101,0.159944590074069,1.21697488605716,0.65012902107924,0.151919863989603
412,"Chill",102,0.119029306333938,0.875278342721493,0.648304161221522,0.144007562479255
413,"Chill",103,0.0666759420331528,0.506970163117699,0.637557164560769,0.142325044532463
414,"Chill",104,0.0887361589232151,0.67177681455905,0.626634451824203,0.135423475610026
415,"Chill",105,0.0728012814916627,0.579888575720323,0.62418846991027,0.1442540115779
416,"Chill",106,0.0433803586288243,0.49745377848881,0.61422120849101,0.143096695440889
417,"Chill",107,0.0327386819989467,0.519055615478828,0.60485610038226,0.139857213278948
418,"Chill",108,0.0303794113966431,0.620637779055727,0.581826870515847,0.155620287439707
419,"Chill",109,0.0282435275918149,0.68696402591767,0.567954995701238,0.15978017893077
420,"Chill",110,-0.0095780740313257,0.733270754737785,0.540915087545369,0.17446705726698
421,"Chill",111,-0.000262979854396665,0.698898333868842,0.542321761364469,0.173623121782701
422,"Chill",112,-0.0134260285871138,0.763677652081807,0.53846442884957,0.177581218115762
423,"Chill",113,0.00533226930248127,0.803957463277519,0.538064132763216,0.179841240872243
424,"Chill",114,0.00510995660632376,0.843601890674467,0.527517784377177,0.185502511272753
425,"Chill",115,-0.0256177959495389,0.91736620069081,0.519814359061315,0.182773662664609
426,"Chill",116,0.016143895476436,0.999367104710089,0.511266389259002,0.205391142920319
427,"Chill",117,0.0342992806542279,1.00439893341329,0.511549715124875,0.201343820225337
428,"Chill",118,0.0349189729744672,1.19944552635037,0.502993272288222,0.190084005267563
429,"Chill",119,0.0210389173611239,1.14796190011629,0.502512496844856,0.188524761871447
430,"Chill",120,0.00368994510168935,1.03316508695719,0.486119900570317,0.186134800376428
501,"Chill",121,0.00788280749519259,1.12232554033827,0.494580994329356,0.190405954513674
502,"Chill",122,0.00991623981284,1.195290197018,0.477601693729388,0.185037664580322
503,"Chill",123,-0.0118961251467798,1.11522124337829,0.453975315595573,0.177034633062363
504,"Chill",124,-0.00894465820130533,1.06317865715323,0.438923442718202,0.181713573095854
505,"Chill",125,0.0158271526083745,1.1747588638213,0.427711775785139,0.191111965864905
506,"Chill",126,-0.0101109632971427,1.04910883824665,0.409629651867037,0.191472479233133
507,"Chill",127,-0.0406304219936366,1.05810852504602,0.39276716426324,0.197984321247551
508,"Chill",128,-0.0538405369989268,0.984190841980679,0.374866527922801,0.21086472555084
509,"Chill",129,-0.00531547726462279,0.886086713888388,0.374611226712244,0.21707293887638
701,"Heat",-183,-0.0122972416408736,0.897362106685119,317.568766615253,43.1528080295647
702,"Heat",-182,-0.0091301396485721,0.924924903721781,318.747270689303,43.1788489329929
703,"Heat",-181,-0.00310217363736458,0.945381050346322,319.668836244181,42.4401498879952
704,"Heat",-180,0.0199323749641562,0.976142374736534,321.305118820631,41.570713162956
705,"Heat",-179,0.0296605009179426,0.984133401591628,322.877809890785,40.3958633846611
706,"Heat",-178,0.0248236707282747,0.952879441014104,324.156635822081,40.2668634691929
707,"Heat",-177,0.0176754900925691,0.919133622610392,325.952823063585,38.4744370164654
708,"Heat",-176,-0.00226474759266498,0.863169236202016,328.638889495212,37.2525736498774
709,"Heat",-175,-0.0117538278757807,0.870098221748816,330.022248720422,35.6220139727209
710,"Heat",-174,-0.0164410213601774,0.864978550209744,331.143436306981,35.0431993756044
711,"Heat",-173,-0.0190560420282876,0.845566809285549,331.130271444309,35.2271989702992
712,"Heat",-172,-0.0245440498059238,0.830634412828774,330.964186583093,34.3821336386323
713,"Heat",-171,-0.00654431362518959,0.742704537242618,330.198925737158,34.6059096874577
714,"Heat",-170,-0.003707338612096,0.676152587792174,331.225061235684,35.2106701847822
715,"Heat",-169,-0.0195701622634482,0.650323157094655,331.303113691254,36.5509079038671
716,"Heat",-168,-0.0299463085738663,0.645230301484725,331.797581310942,37.7455451775932
717,"Heat",-167,-0.0313749842476876,0.606413450384703,333.360980269563,38.9508413149494
718,"Heat",-166,-0.0194857934103759,0.581974987837866,333.260428491277,38.5395328402638
719,"Heat",-165,-0.0174336765412684,0.640005682679795,333.258848062589,37.4416669446953
720,"Heat",-164,-0.0057229135460845,0.611463073813008,333.225109142754,37.5894489402778
721,"Heat",-163,0.000183892427673678,0.612629399365109,333.819808301683,35.889737219405
722,"Heat",-162,0.000118215710624619,0.5853639558276,335.52100651497,34.3385570694924
723,"Heat",-161,-0.0190942678545659,0.650116949418045,336.900455494025,32.520819652138
724,"Heat",-160,-0.0373954053584747,0.698390663705961,339.716544007918,31.4639307804577
725,"Heat",-159,-0.0392810426887999,0.673161042427861,340.121327535891,32.1856277181398
726,"Heat",-158,-0.00976106268195357,0.478734382834783,340.390058830378,32.5596861722985
727,"Heat",-157,0.0195691894326273,0.357352145773388,341.568806168841,32.5352348124559
728,"Heat",-156,0.0338614509172332,0.344291429214355,341.412928401445,33.1454868210299
729,"Heat",-155,0.0165740927937091,0.242886299091156,342.804334505793,33.8375300927985
730,"Heat",-154,0.00128250221596327,0.159021665587367,344.254347289661,33.5011994986291
731,"Heat",-153,-0.0104703291742645,0.179871134427573,345.656221851866,32.8402403789352
801,"Heat",-152,-0.0130193974055589,0.172795810695752,345.429736714403,32.0745633536505
802,"Heat",-151,-0.0122441878755658,0.178925525884342,345.449645532472,32.4783088625751
803,"Heat",-150,-0.00736991913458295,0.184936048720417,345.567354727825,31.8756389775853
804,"Heat",-149,0.00688337457489847,0.257590554336226,344.693761467192,31.5555395753846
805,"Heat",-148,0.00518879895459694,0.303241920348199,344.510053881805,31.7664143046551
806,"Heat",-147,-0.0405088938764563,0.447538839741637,344.637739322308,31.0777558897644
807,"Heat",-146,-0.0774490462941319,0.687390852118309,343.314263656654,30.5761065344505
808,"Heat",-145,-0.073760930987979,0.714530313649894,342.677141186365,29.6289952495617
809,"Heat",-144,-0.0735029983448103,0.726016834914826,342.210587163254,29.232575067642
810,"Heat",-143,-0.0521875148900635,0.671891975789265,341.070395379277,29.0975401992013
811,"Heat",-142,-0.0319831009062172,0.697698145883571,339.690341207615,28.8219881183922
812,"Heat",-141,-0.0104209338100651,0.752994155841688,338.307643869548,30.0485963193778
813,"Heat",-140,-0.0311605154485798,0.999538515375605,335.772746582601,30.1025183980429
814,"Heat",-139,-0.0481518905974943,1.19457234824859,333.455759909439,30.4271964921502
815,"Heat",-138,-0.0517120011728304,1.30555941877165,332.009034205809,31.2405331701964
816,"Heat",-137,-0.0432030178973953,1.32995076322207,329.877800102949,31.5820256939372
817,"Heat",-136,-0.0140995071952438,1.34392142209135,328.214034483172,32.1272586560666
818,"Heat",-135,0.0105549470953001,1.37482202337776,326.559339419867,32.8391735092033
819,"Heat",-134,0.0126108456926566,1.44664629462699,324.545857721559,33.6283678756937
820,"Heat",-133,0.0353088381559226,1.41433636544215,321.345276504162,34.7028883997047
821,"Heat",-132,0.0228264790056169,1.41968650587499,318.678247173665,36.4449044017082
822,"Heat",-131,-0.00891357163927999,1.47291339404632,316.153538046087,37.4703060843744
823,"Heat",-130,-0.0152792209310785,1.43995598874508,313.242150218803,38.2932379123441
824,"Heat",-129,0.0120087723114429,1.26794078775706,310.847427046734,38.3216902408721
825,"Heat",-128,0.028197741511365,1.12432121168842,307.796038040676,38.9522513501364
826,"Heat",-127,0.0415032830890397,1.08468890378029,303.060455103724,38.4458910599484
827,"Heat",-126,0.0530869143685855,1.049551382895,299.826514143672,39.5217682126246
828,"Heat",-125,0.058117084841766,0.981469596776754,296.873695557759,40.7034573707577
829,"Heat",-124,0.06292710569884,0.9312873780942,294.181821194085,40.9043086409861
830,"Heat",-123,0.060164399625048,0.900942977804954,290.749942948086,40.5695741069181
831,"Heat",-122,0.0419926080800897,0.858525438501288,287.562088168496,41.3600740274861
901,"Heat",-121,0.0244207042609554,0.820356504114343,282.52103635832,41.846286878173
902,"Heat",-120,0.0264427693969065,0.796010250702378,278.665225073829,42.6634348740938
903,"Heat",-119,0.0229221070387604,0.745175104217084,275.76331446858,42.4146073844465
904,"Heat",-118,0.0190098391235295,0.723481440040602,273.465714483492,43.3468721334104
905,"Heat",-117,0.0215954104621534,0.684300958685051,270.901037195937,45.3062254447618
906,"Heat",-116,0.0167020891670211,0.642600263914651,269.901364343445,46.445596495714
907,"Heat",-115,0.00551723884265078,0.632344098652505,267.097835040636,46.3609933782583
908,"Heat",-114,0.0102563960970446,0.628119948844561,263.076744013468,46.6457101634913
909,"Heat",-113,0.00448752865934346,0.585990639094387,259.215090420624,47.579521787222
910,"Heat",-112,-0.00798518713050729,0.553327411110491,255.796663145165,48.3582571522934
911,"Heat",-111,-0.0154357864466898,0.525745962171713,252.545429271175,48.8277896086288
912,"Heat",-110,-0.00916061742512167,0.474516491673247,250.213698800584,49.9844599700724
913,"Heat",-109,-0.0118069640289106,0.485729929806229,246.604588394634,51.2022728175241
914,"Heat",-108,-0.0340843487312732,0.548587565645973,243.357624806458,52.2329053573457
915,"Heat",-107,-0.0608229833873168,0.650931252742892,239.202209998921,53.6153689208392
916,"Heat",-106,-0.073443607178263,0.690456927187354,235.373423328346,55.7357263577253
917,"Heat",-105,-0.0787955190420215,0.698528991747327,231.490579054641,57.9755534210802
918,"Heat",-104,-0.0800309764200276,0.701471909933418,227.318646655056,57.9768993090321
919,"Heat",-103,-0.0809666792741243,0.718075838375718,224.825606046798,58.0259588891724
920,"Heat",-102,-0.0799009127269453,0.721117822279873,222.062167243804,58.4174980571601
921,"Heat",-101,-0.0780004938320578,0.729150700234293,219.366501878009,57.8884176142808
922,"Heat",-100,-0.0653306242349391,0.706118180445104,216.600843950201,56.0574138567062
923,"Heat",-99,-0.0518857965840449,0.679947894393718,213.611098988421,54.185429590191
924,"Heat",-98,-0.0359756810104896,0.600515008727463,212.645816698558,54.0714175161183
925,"Heat",-97,-0.0149559574527901,0.525000471071738,209.914422664133,54.4842812519204
926,"Heat",-96,-0.00194055096336334,0.484180244715872,206.15897778363,54.339696264026
927,"Heat",-95,0.0103367760487358,0.480560194948645,203.099395679225,53.8695046212074
928,"Heat",-94,0.0142565785724834,0.466020167891669,199.425547078702,54.7436979148777
929,"Heat",-93,0.00504594740199552,0.4351313801113,197.719719289721,54.7149534529839
930,"Heat",-92,-0.00650391953809687,0.395612219745554,194.599409809151,52.96050620102
1001,"Heat",-91,-0.00760899980386473,0.35293716192993,191.867573608996,51.0900543864488
1002,"Heat",-90,-0.00229554689768844,0.295795982434159,188.825812440461,50.7905298461302
1003,"Heat",-89,-0.00382350047156937,0.252573149806029,183.902168973755,50.297727780797
1004,"Heat",-88,-0.00208378897538819,0.288983738252427,180.549047450065,51.0348343326855
1005,"Heat",-87,-0.000395171356773392,0.36550737691514,176.209930723463,52.1254673848378
1006,"Heat",-86,0.00680727456239255,0.482138501046759,172.257306653583,54.1497246517833
1007,"Heat",-85,0.022113464694346,0.585248211779059,167.801865228707,54.8696643525952
1008,"Heat",-84,0.0146910453525475,0.600688518203336,162.634146151543,55.4108315073118
1009,"Heat",-83,0.00741666142819564,0.616250459234558,157.795671392524,56.6577941208405
1010,"Heat",-82,0.017715694206447,0.62167639888917,152.489054821502,57.7268699539027
1011,"Heat",-81,0.0234552941338171,0.562356842995759,146.690405251816,58.828033695383
1012,"Heat",-80,0.0119169990009375,0.445213997095879,139.849433367177,58.6652384818281
1013,"Heat",-79,0.00762183877120256,0.351567984141946,133.605305422871,58.6995029691852
1014,"Heat",-78,-0.00713225884343547,0.239967110331024,129.462025769912,58.2998135792711
1015,"Heat",-77,-0.0190623691499235,0.200383585545842,124.158488469062,58.1504905004555
1016,"Heat",-76,-0.0263708756950601,0.209785110720264,118.730954765147,57.5113968240117
1017,"Heat",-75,-0.0260448853151871,0.297781665389444,114.733434913751,56.8629593937876
1018,"Heat",-74,-0.0260975742459577,0.418518735378128,112.067384779,56.0200801120915
1019,"Heat",-73,-0.0134899455774504,0.49500027062985,109.115349352557,54.6639773327903
1020,"Heat",-72,0.00437077602271366,0.589729907437225,105.748764741357,53.9097632413499
1021,"Heat",-71,0.00520444772208087,0.726629668493547,102.722454850543,54.5425462209231
1022,"Heat",-70,-0.00243175211847097,0.793758805670264,100.203954999934,55.7271815586864
1023,"Heat",-69,-0.000456985056879456,0.839826011128047,99.1309761658807,55.7703942362397
1024,"Heat",-68,0.0140850137323032,0.824423957859683,96.6909874497106,54.5987005348998
1025,"Heat",-67,0.0326284446402391,0.820326156531209,93.6823634891668,54.1637944610562
1026,"Heat",-66,0.0416224496508015,0.79637290025161,91.014528955481,52.6429181382786
1027,"Heat",-65,0.0478736844032775,0.749603440100098,88.5124687245029,49.2894843125688
1028,"Heat",-64,0.040996465565357,0.674294811186473,86.1064557357242,47.0730929321512
1029,"Heat",-63,0.0426749655391163,0.605112312746875,83.0900848818158,46.061950570106
1030,"Heat",-62,0.0384630344655558,0.546764532849421,80.1656073098675,44.8218826226456
1031,"Heat",-61,0.0365963650500876,0.513778044980155,76.3308586762683,42.3803124266268
1101,"Heat",-60,0.0493175385322694,0.500057186802915,72.1013807268924,40.2949011150746
1102,"Heat",-59,0.0677499854840889,0.54288817663315,68.2766636791119,38.0852684949302
1103,"Heat",-58,0.0919269600474633,0.683443524756451,63.9316692393592,36.5994175029396
1104,"Heat",-57,0.0897541346169768,0.683473175068235,61.2174847593068,34.9936400517849
1105,"Heat",-56,0.0854483819017607,0.668502936199407,58.5337397107168,33.1736068163678
1106,"Heat",-55,0.0814997246769266,0.673549279422796,55.7337457065096,31.6684739314548
1107,"Heat",-54,0.0777538991228615,0.649872630966394,52.1738778282457,32.1058198156082
1108,"Heat",-53,0.0854576508547321,0.690738611147425,47.8903750275346,31.5361117027888
1109,"Heat",-52,0.0792488094592014,0.668590926892401,44.6861568146111,30.5111058162316
1110,"Heat",-51,0.0775353316350793,0.670040994653763,42.2854120679792,30.1285363404164
1111,"Heat",-50,0.0733221942626007,0.62229442422628,40.6620956407815,29.0486832507797
1112,"Heat",-49,0.0693688994086889,0.603556893171314,39.0958437776286,28.1630064578097
1113,"Heat",-48,0.0611123672544256,0.61959459157919,37.6160373675781,28.5419244041041
1114,"Heat",-47,0.0526103477735652,0.620669430604416,36.1841205192818,28.6862873757078
1115,"Heat",-46,0.0425131137382264,0.561119242872257,34.4814066795748,28.7486539442924
1116,"Heat",-45,0.03956616267938,0.507597591875368,32.8603077034804,28.8154605858377
1117,"Heat",-44,0.054636725349175,0.506574554772501,31.973720757578,28.9842623992353
1118,"Heat",-43,0.06694904256555,0.530391201310566,31.5594381801592,29.9452629041734
1119,"Heat",-42,0.0668840500043723,0.523366323016713,31.1329639078591,30.8933104355318
1120,"Heat",-41,0.0734051451565833,0.562428004438497,30.1720308925982,30.5150151498885
1121,"Heat",-40,0.0784672526197076,0.606430567411843,28.6215840761932,28.4651641600785
1122,"Heat",-39,0.0855455457383147,0.664864818705132,27.0341741619606,26.9884910265327
1123,"Heat",-38,0.0871351210517591,0.687243061074092,25.4863336385154,25.3777687121472
1124,"Heat",-37,0.0964918374532794,0.72831438504641,24.2901255360254,24.1467496031082
1125,"Heat",-36,0.096188501848257,0.701154220778603,23.0322360164477,22.6255337551161
1126,"Heat",-35,0.0975616837375143,0.719912896304655,22.1118158861952,21.0562220799619
1127,"Heat",-34,0.104094501830238,0.769650783063474,21.3200866133327,19.9189659440075
1128,"Heat",-33,0.0930765302521695,0.737208968907559,20.0073339173768,19.1414119646404
1129,"Heat",-32,0.0737977282138249,0.646005656956255,18.4092129450587,18.47954017555
1130,"Heat",-31,0.0721552339828493,0.626740162249495,17.458413372628,19.5901133087298
1201,"Heat",-30,0.0741833609187903,0.621692374232481,16.4410874866455,19.3760066404233
1202,"Heat",-29,0.0763898033436638,0.616146582436981,15.9249566898145,20.0746171348096
1203,"Heat",-28,0.0726454982907823,0.583957829725707,15.8969643345517,20.8067577535777
1204,"Heat",-27,0.0681461727372941,0.552954435096759,15.9890180672614,20.8659480794563
1205,"Heat",-26,0.0576648602926385,0.492639538700947,15.6939505438029,20.7346757884997
1206,"Heat",-25,0.0682598234738531,0.568191877010893,15.5968715927059,21.1552081785228
1207,"Heat",-24,0.0844691369402317,0.676308559190503,15.4202993453146,21.1817360512127
1208,"Heat",-23,0.0879304889429935,0.676844585581975,15.0084553443922,20.3903554742174
1209,"Heat",-22,0.0833970980378109,0.614837374389571,14.4289540351242,18.9745552901843
1210,"Heat",-21,0.0810338147974834,0.591443048627718,14.0707350636717,18.1430240393905
1211,"Heat",-20,0.0741442518058107,0.532367685253342,13.3233079562071,16.3648319185614
1212,"Heat",-19,0.0556917589231224,0.398492835832724,13.1340603968545,15.8529357414977
1213,"Heat",-18,0.0270797302687833,0.237830225388363,13.0217228758114,15.1542511098653
1214,"Heat",-17,-0.00423791097278938,0.238808935842252,12.9245781943073,14.8701348587444
1215,"Heat",-16,-0.0150752280418889,0.320543325159422,12.6818806290171,15.1313793205325
1216,"Heat",-15,-0.0275206903590554,0.404717992185183,12.7438767360786,15.9785841526374
1217,"Heat",-14,-0.0460562953935136,0.507272861768256,12.7081727355492,16.3688481864115
1218,"Heat",-13,-0.0651810948870511,0.621684801807921,12.8967624333585,16.5539216140176
1219,"Heat",-12,-0.0640103783435093,0.659882826697413,13.4032542792387,17.1180523747042
1220,"Heat",-11,-0.0371931938807964,0.569653971658961,13.9504840213692,17.8259725957528
1221,"Heat",-10,-0.0132250646427264,0.503168381420328,14.2017601824997,18.8154600085826
1222,"Heat",-9,0.00556365075382919,0.509503869581597,14.4971097949697,18.7906166655869
1223,"Heat",-8,0.033965023486985,0.557687141482823,14.616686587491,17.7175939130205
1224,"Heat",-7,0.0654806452760052,0.643136692180822,14.4466022420037,17.4497882983488
1225,"Heat",-6,0.0895787035866881,0.7645475097708,14.0375908525305,17.0345865724848
1226,"Heat",-5,0.0989567783926493,0.824341566410793,14.1155345554448,16.5437474161043
1227,"Heat",-4,0.110793281556843,0.884586494223506,13.8088365982362,16.1389620202778
1228,"Heat",-3,0.114404669092353,0.914463452350287,13.5833761638689,15.8618204973577
1229,"Heat",-2,0.108323700543388,0.897195964406024,12.9315881054673,15.4281804283036
1230,"Heat",-1,0.104556180084753,0.8742493048226,12.1995286104472,14.5728479949804
1231,"Heat",0,0.0821535169591428,0.767832054770853,11.7067499439438,13.9581368053578
101,"Heat",1,0.0545196001218841,0.742457892096553,11.6194495880173,13.5893291899281
102,"Heat",2,0.0368855356121019,0.835742003194296,11.3104405008615,12.7368913859911
103,"Heat",3,-0.00533556117563502,0.992754392012936,11.0196093956357,12.3260650427602
104,"Heat",4,-0.03344695268558,1.18363682189077,11.1721020627052,13.1589988389576
105,"Heat",5,-0.0454006264658455,1.23451570540597,11.5599975988163,13.8346669192534
106,"Heat",6,-0.0473728655817009,1.27755427761835,11.6132453897945,13.9399429886588
107,"Heat",7,-0.0449247395792969,1.26337403296401,11.6499021021598,14.2898760298734
108,"Heat",8,-0.0529231852663343,1.24106663161316,11.7413011174069,14.8507903369116
109,"Heat",9,-0.0502547660633734,1.21309709250021,11.7002551564216,15.1771139456975
110,"Heat",10,-0.0594535925369529,1.21951089347478,11.5929644773567,15.4857984049508
111,"Heat",11,-0.0653514023336069,1.22768933163459,11.5741718811699,16.0176178598748
112,"Heat",12,-0.0621270579604162,1.20131834089788,11.0055962775618,15.6220043313231
113,"Heat",13,-0.0551340510794959,1.11895924075665,10.7954947559875,15.5352333192294
114,"Heat",14,-0.0414430221205463,1.01027474481025,10.6423634023681,15.4870999172481
115,"Heat",15,-0.0274287452438626,0.880999465324858,10.4034866505703,15.6117563622657
116,"Heat",16,-0.0340537022941427,0.884546029833259,9.86226791395048,15.1845612008527
117,"Heat",17,-0.0377986726939123,0.893074671219725,9.60184904565745,14.4125254789246
118,"Heat",18,-0.047527428213037,0.923961159557819,9.63967699178307,13.8650791191036
119,"Heat",19,-0.0417528612065059,0.901476634501793,9.39474436340129,13.2737212062236
120,"Heat",20,-0.0368479244905101,0.841403130893505,9.83116485963069,13.2098224516892
121,"Heat",21,-0.0248029675891503,0.787124636176586,9.9489512537376,12.7736873970455
122,"Heat",22,-0.0292312117803554,0.749543561972573,9.85365962924943,12.4818763911243
123,"Heat",23,-0.0444303766825127,0.760546686317882,10.2960919589587,13.2991284377509
124,"Heat",24,-0.0631015038664671,0.788256114848425,10.6543130133378,13.6438569209768
125,"Heat",25,-0.0801555800903086,0.87070641611794,11.1989494564723,13.8296944199796
126,"Heat",26,-0.0938938519196796,0.919103858487915,11.3902014535243,14.2976214896496
127,"Heat",27,-0.0838214832530234,0.858206906548764,11.8309204203351,15.063926778846
128,"Heat",28,-0.0918100203350218,0.926400852311352,12.2539471888497,16.5047192474787
129,"Heat",29,-0.0946491443121389,0.953868601769775,12.3835845782134,17.8345258466047
130,"Heat",30,-0.092841263824778,0.9708449607795,12.5113138621813,18.3119545303545
131,"Heat",31,-0.0951937065128731,1.04699977418783,12.7221567393892,19.5129094204145
201,"Heat",32,-0.100293798809053,1.14242162221206,13.4626313664714,20.1342248858936
202,"Heat",33,-0.0960193658531273,1.21150896237936,13.9551319230109,19.9135736399128
203,"Heat",34,-0.0956341881995592,1.2379594630237,14.1063595722084,19.7828670043333
204,"Heat",35,-0.102350051272338,1.31581379034452,14.1332465061953,19.3682641936014
205,"Heat",36,-0.104027328297969,1.3716983236979,13.7587159005946,18.7831327042772
206,"Heat",37,-0.10292397703011,1.44535713076106,14.0186270795903,18.7565384012169
207,"Heat",38,-0.102889688277384,1.54169154256611,14.4321827002093,18.2994860230517
208,"Heat",39,-0.0965746451649549,1.54456017576073,14.1282410210357,17.152979297493
209,"Heat",40,-0.0975686376323953,1.5755762830306,13.8974651043627,16.7032418620462
210,"Heat",41,-0.103806368073276,1.62407578329735,13.8923506100438,16.7521688552133
211,"Heat",42,-0.108450405685381,1.6172902057459,13.1781386851735,16.0926028094491
212,"Heat",43,-0.124018040305697,1.6775780395528,12.0337878898897,15.2964769769658
213,"Heat",44,-0.136597761646602,1.71185324097505,11.3104011775304,15.0131591292923
214,"Heat",45,-0.147367133973638,1.79008914389975,10.9549712640104,14.8660698746081
215,"Heat",46,-0.150539188158444,1.87958088128107,11.3756444570122,15.6197255372484
216,"Heat",47,-0.148303841452692,1.90003873247778,12.1834431370359,16.2690709101011
217,"Heat",48,-0.158402125959724,1.94596333996729,12.3543002538687,16.2752543048631
218,"Heat",49,-0.176456429597398,2.04752626940397,12.2751627837516,16.3499951599765
219,"Heat",50,-0.197907761490773,2.18920195435689,13.5273826725384,17.9468324369164
220,"Heat",51,-0.200205341628292,2.21806776635623,14.8815318782175,18.8266715062731
221,"Heat",52,-0.225348638878097,2.31808756563448,16.1996128320397,19.6148052206858
222,"Heat",53,-0.239092863537429,2.38304419913251,17.7233343850534,20.5386884920247
223,"Heat",54,-0.226992848904806,2.29992150441051,19.4809186265905,21.332129552535
224,"Heat",55,-0.218542534159995,2.25951433652191,21.2101379646724,21.6973618221187
225,"Heat",56,-0.20631267888782,2.19020299815113,22.489312976774,22.3016671231363
226,"Heat",57,-0.189721473834514,2.0709440240833,23.3701918842451,22.6674699694169
227,"Heat",58,-0.183777580912774,2.04299346198429,23.8909961721822,22.9814177029973
228,"Heat",59,-0.173810706574382,1.9888749431434,24.5789758897514,23.3363304473554
301,"Heat",60,-0.176962793917572,1.98730438267097,25.2254724980357,23.1086033852876
302,"Heat",61,-0.176216375601522,1.95870781154999,25.6381080245356,23.0850854586625
303,"Heat",62,-0.187600196039948,2.01752058955277,27.0124403014124,23.5135972587517
304,"Heat",63,-0.173203842547675,1.97737268023354,28.524435692976,24.9242900203099
305,"Heat",64,-0.166311781007848,2.01717908627727,29.970868671732,25.7599043217582
306,"Heat",65,-0.172697089908647,2.10793740912308,31.4831255360657,27.1542652584857
307,"Heat",66,-0.184137166196685,2.20652319953222,32.7527663738884,28.0383612953412
308,"Heat",67,-0.199900823655652,2.30366597432424,34.0469732374929,28.586596153626
309,"Heat",68,-0.215657539466651,2.3505788272434,34.814349597366,29.1104217280784
310,"Heat",69,-0.226723091669812,2.37500539318216,36.4619437422042,29.7635669874111
311,"Heat",70,-0.234118422372577,2.46791500401013,38.8244645539187,31.0386708791877
312,"Heat",71,-0.239787529743999,2.53693983589251,41.4775113840165,32.3272079895034
313,"Heat",72,-0.245469600087487,2.54605856052304,43.5723008373503,33.1950629356912
314,"Heat",73,-0.241672354529608,2.50731882163885,43.9338872428684,33.5705465838546
315,"Heat",74,-0.239862286896387,2.4479304789027,43.7758295797861,34.3221954761451
316,"Heat",75,-0.243685268984471,2.41029196372687,44.1153209174022,34.3250781182408
317,"Heat",76,-0.236876846508886,2.30470989072219,44.1223275930521,34.2093401981341
318,"Heat",77,-0.213998954118523,2.12277369444496,44.7045905850343,34.4943286624416
319,"Heat",78,-0.185314667375633,1.91370888808602,46.7514559121481,35.0147210134971
320,"Heat",79,-0.167394811375933,1.77081083024786,49.0326912474967,36.073758147492
321,"Heat",80,-0.146376929847926,1.63329974717633,50.413596539505,36.4307071604424
322,"Heat",81,-0.138641305376304,1.55861344306866,51.2815521066967,35.300902331746
323,"Heat",82,-0.127931099166896,1.4740841426913,52.3812089018669,35.3415528957641
324,"Heat",83,-0.111207355345129,1.38427551329655,53.8501653573076,36.6553226645861
325,"Heat",84,-0.10413815899449,1.35531599535519,56.8118768695352,38.148961822483
326,"Heat",85,-0.0959684062312186,1.38237240771799,60.3643160533233,39.5164086405258
327,"Heat",86,-0.0921661983861974,1.48567311990813,64.0312622401885,41.1517117237601
328,"Heat",87,-0.0944579384632039,1.61706516171591,68.75947410159,42.6128336646869
329,"Heat",88,-0.0906634573112707,1.65256192404084,72.8059773847059,44.7252630700661
330,"Heat",89,-0.0827197441507383,1.66743282473742,74.4641100765031,45.9128148152389
331,"Heat",90,-0.0763567810373779,1.68976477082082,75.6262132509399,45.5227238808209
401,"Heat",91,-0.0898676562723095,1.73443781307262,77.1422165449631,47.1219435013535
402,"Heat",92,-0.10430013916834,1.72402741495014,79.716720603943,48.1839080809724
403,"Heat",93,-0.105696650603364,1.65189490109103,80.8112847847474,47.7930727206776
404,"Heat",94,-0.116146129177748,1.65302183511059,81.9304822727953,48.1995532067356
405,"Heat",95,-0.131757921953858,1.63607893686873,83.4114717138744,49.5870603834066
406,"Heat",96,-0.140457530395749,1.55643796502083,84.2931219778523,50.5682772484179
407,"Heat",97,-0.14192808035264,1.46019570871821,84.2116221337803,50.5745870327958
408,"Heat",98,-0.141607397913292,1.38702644637763,83.0516520239738,49.3759027764819
409,"Heat",99,-0.154659434029012,1.38508534596419,83.1252245944617,48.6127061054261
410,"Heat",100,-0.161828309981908,1.33240165885485,85.6452331419136,48.8964704278776
411,"Heat",101,-0.158580955593959,1.2263167011224,88.5725529152803,49.8289486160146
412,"Heat",102,-0.142358519757335,1.05031096886934,91.2513031187641,49.0458240709511
413,"Heat",103,-0.130545661480565,0.937523232580599,93.3311331205387,47.2126748513674
414,"Heat",104,-0.12477288550478,0.890532781424196,95.5264744611314,47.3045546567467
415,"Heat",105,-0.109064984766978,0.818433658923315,98.6239263172554,48.4376339345888
416,"Heat",106,-0.0813194374976318,0.727611979773274,102.098237416062,49.1390390723819
417,"Heat",107,-0.0479583741514425,0.660752302023463,107.077193436273,51.143190298751
418,"Heat",108,-0.030702146044791,0.686584924168926,113.283850247612,54.7098661987011
419,"Heat",109,-0.0206090959169002,0.730854784754418,119.850623551136,58.2062038549856
420,"Heat",110,-0.00874140768318436,0.752841474562362,124.933832453888,59.8246661163901
421,"Heat",111,-0.0133775172096468,0.748198988559235,128.18811789826,61.9405404624721
422,"Heat",112,-0.0179859924483823,0.752373365235552,129.972955528691,63.0578876878152
423,"Heat",113,-0.0267672523813705,0.801856901038214,133.024600451124,65.2575842519466
424,"Heat",114,-0.0270127888782402,0.84981980716689,135.659545813145,67.1863757329577
425,"Heat",115,-0.0367518445599204,0.958531761312405,140.08646197099,68.1514180580037
426,"Heat",116,-0.0429525443315042,1.05245029490261,143.964022138529,68.7404160128126
427,"Heat",117,-0.0410732296523181,1.07989700548337,147.078859685221,69.0946361910489
428,"Heat",118,-0.039374364238446,1.08254535462968,149.176280534574,67.5036710917446
429,"Heat",119,-0.036356014051724,1.10294009981446,149.885427926981,65.981255203941
430,"Heat",120,-0.0388755149184842,1.11265556559081,151.881633829561,65.1957434353588
501,"Heat",121,-0.0379877551326662,1.12281235436787,154.354912694544,62.5355387935189
502,"Heat",122,-0.0279017256436686,1.10749385274485,158.970634718083,59.9976439865104
503,"Heat",123,-0.0223581463756517,1.10466676174123,165.918043754356,57.4378729288266
504,"Heat",124,-0.0142634468819593,1.09881800164686,172.595015735457,55.4387266988634
505,"Heat",125,-0.0128495792930018,1.09153116977796,178.52603085074,55.8134841892323
506,"Heat",126,0.00201356424816181,1.05408745380376,184.306858394872,57.3228899076967
507,"Heat",127,0.0218126415724923,0.947772986575943,189.767372847321,58.9023324941951
508,"Heat",128,0.0194431579252355,0.843577269012586,194.103072182367,59.5980140774571
509,"Heat",129,0.00719455935493222,0.745430544089312,197.84563277244,62.2277973697068
